id,target,prediction,fold
1,12.247699,12.253948211669922,3
2,12.109016,12.118285179138184,0
3,12.317171,12.29163646697998,2
4,11.849405,11.987041473388672,3
5,12.42922,12.57800579071045,2
6,11.870607,11.88493537902832,2
7,12.634606,12.502394676208496,0
8,12.206078,12.361367225646973,0
9,11.774528,11.709501266479492,0
10,11.678449,11.74970531463623,1
11,11.771444,11.696332931518555,1
12,12.751303,12.784156799316406,4
13,11.877576,11.767019271850586,4
14,12.540761,12.403505325317383,2
15,11.964007,11.94338607788086,2
16,11.790565,11.73661994934082,1
17,11.911708,11.88906192779541,0
18,11.407576,11.569353103637695,0
19,11.9766655,11.866669654846191,1
20,11.8422365,11.74443244934082,4
21,12.692506,12.696830749511719,0
22,11.84511,11.701372146606445,3
23,12.345839,12.346060752868652,1
24,11.774528,11.869937896728516,2
25,11.944715,11.929899215698242,3
26,12.454108,12.43964958190918,2
27,11.811555,11.728650093078613,1
28,12.631344,12.524474143981934,0
29,12.242891,12.123580932617188,3
30,11.1346035,11.181489944458008,4
31,10.59666,11.49886417388916,1
32,11.914055,11.833179473876953,4
33,12.100162,12.14559555053711,3
34,12.016732,12.001174926757812,2
35,12.53358,12.535873413085938,2
36,12.6411,12.654138565063477,2
37,11.884496,11.949851036071777,3
38,11.9382,11.98984432220459,0
39,11.5991125,11.737019538879395,1
40,11.3144865,11.283745765686035,1
41,11.982935,11.870834350585938,4
42,12.04356,11.968465805053711,4
43,11.877576,11.885096549987793,3
44,11.777219,11.750147819519043,3
45,11.856523,11.857681274414062,2
46,12.675767,12.601419448852539,1
47,12.387089,12.467589378356934,0
48,12.42802,12.380244255065918,1
49,11.635152,11.366243362426758,0
50,11.75195,11.73614501953125,4
51,12.083911,11.999302864074707,1
52,11.648339,11.6529541015625,1
53,11.608245,11.615206718444824,2
54,12.861001,12.814079284667969,2
55,11.775297,11.684476852416992,3
56,12.103492,12.053690910339355,4
57,12.058158,12.177718162536621,4
58,12.188423,12.228918075561523,3
59,12.9917555,13.00865364074707,4
60,11.735277,11.696942329406738,0
61,11.970357,12.081430435180664,3
62,11.522885,11.483695983886719,3
63,12.2185,12.236451148986816,1
64,11.849405,11.765360832214355,0
65,12.299112,12.400060653686523,3
66,12.66666,12.6688871383667,1
67,12.100718,12.422052383422852,2
68,12.328295,12.298080444335938,2
69,11.289794,11.283160209655762,4
70,12.32386,12.253194808959961,4
71,12.404927,12.545053482055664,0
72,11.771444,11.685754776000977,1
73,12.128117,12.202263832092285,3
74,11.883806,11.77425479888916,4
75,11.584325,11.507096290588379,3
76,11.418626,11.45974349975586,0
77,11.818578,11.66115665435791,3
78,11.75195,11.58902359008789,1
79,11.824087,11.68163013458252,0
80,11.608245,11.64372730255127,0
81,12.173038,12.205982208251953,2
82,11.9414625,12.048969268798828,2
83,12.409018,12.369743347167969,4
84,11.748006,11.748762130737305,3
85,12.034697,11.982993125915527,1
86,12.468441,12.410608291625977,2
87,12.066816,12.165124893188477,3
88,12.010672,11.973014831542969,4
89,11.350418,11.068543434143066,1
90,11.724813,11.668691635131836,1
91,11.607335,11.53235149383545,0
92,11.4988365,11.668783187866211,2
93,12.004575,11.768109321594238,0
94,11.804856,12.095906257629395,3
95,12.22955,12.104736328125,4
96,12.128117,12.210773468017578,1
97,12.273736,12.28354549407959,1
98,11.459007,11.665997505187988,0
99,11.326608,11.349860191345215,0
100,11.767188,11.689678192138672,3
101,12.23077,12.286711692810059,2
102,12.089544,12.098954200744629,0
103,11.686584,11.705778121948242,2
104,12.2005625,12.022310256958008,4
105,12.040614,11.971081733703613,4
106,12.42922,12.453603744506836,1
107,11.512936,11.493943214416504,2
108,11.652696,11.45917797088623,1
109,11.652696,11.716615676879883,2
110,12.154784,12.26496410369873,3
111,11.827013,11.870966911315918,0
112,12.100718,12.006030082702637,4
113,12.858322,12.918608665466309,1
114,12.287657,12.303178787231445,0
115,12.466516,12.380589485168457,1
116,12.078245,12.06439208984375,0
117,11.8422365,11.675493240356445,4
118,11.951187,11.904605865478516,2
119,12.67608,12.78404712677002,1
120,12.007566,12.11862850189209,2
121,12.100718,12.001327514648438,2
122,11.512936,11.481823921203613,4
123,11.820417,11.813372611999512,1
124,11.944065,11.94797134399414,3
125,12.106257,12.036788940429688,4
126,11.344519,11.469478607177734,4
127,11.759793,11.805357933044434,0
128,11.373675,11.491189002990723,1
129,11.951187,11.907075881958008,0
130,11.918397,11.793852806091309,1
131,12.328295,12.314264297485352,0
132,12.404927,12.352516174316406,1
133,11.923385,11.909089088439941,2
134,12.301388,12.200336456298828,0
135,12.100718,12.061588287353516,3
136,12.066816,12.070308685302734,4
137,11.870607,11.895150184631348,2
138,12.049425,12.107810020446777,0
139,12.345839,12.469481468200684,3
140,12.35234,12.257195472717285,3
141,11.652696,11.530184745788574,1
142,12.468441,12.336067199707031,4
143,12.019749,11.667444229125977,4
144,12.225881,12.288026809692383,1
145,11.736077,11.956457138061523,3
146,11.775297,11.790156364440918,1
147,11.561726,11.564696311950684,0
148,12.312687,12.316929817199707,2
149,11.856523,11.824997901916504,0
150,11.652696,11.69338607788086,2
151,11.711784,11.747694969177246,4
152,12.827732,12.720601081848145,0
153,12.154784,12.082515716552734,2
154,12.367345,12.180305480957031,4
155,11.736077,11.670295715332031,2
156,11.277216,11.328315734863281,4
157,11.603689,11.57550048828125,4
158,12.504328,12.458283424377441,0
159,12.44863,12.263422012329102,4
160,12.67608,12.722247123718262,1
161,11.99844,12.027694702148438,2
162,12.929994,12.922693252563477,3
163,12.301388,12.267374038696289,4
164,11.544434,11.487104415893555,4
165,11.931643,11.916069030761719,2
166,11.755879,11.678593635559082,1
167,12.154784,12.125182151794434,3
168,12.693501,12.86857795715332,1
169,12.119975,12.177816390991211,2
170,12.337106,12.37505054473877,2
171,11.763692,11.713419914245605,2
172,12.278398,12.229735374450684,1
173,12.384223,12.25450611114502,2
174,12.001512,11.876724243164062,1
175,12.122697,12.19388198852539,4
176,12.400821,12.18192195892334,3
177,12.259618,12.339067459106445,4
178,12.058158,11.977493286132812,4
179,13.126033,13.142939567565918,1
180,11.512936,11.499526023864746,3
181,12.083911,12.022194862365723,1
182,12.206577,11.932563781738281,1
183,11.695255,11.808338165283203,2
184,12.206078,12.218429565429688,2
185,11.75195,11.792586326599121,0
186,13.071073,12.654622077941895,2
187,12.061052,12.068264961242676,2
188,11.813038,11.707695960998535,0
189,11.9404,11.836153984069824,4
190,12.56375,12.607246398925781,2
191,12.660331,12.577486038208008,1
192,12.122697,12.164175033569336,3
193,12.165256,12.190306663513184,3
194,11.775297,11.90180778503418,2
195,11.75195,11.742727279663086,2
196,11.908347,11.940619468688965,2
197,12.650352,12.758195877075195,2
198,12.367345,12.311321258544922,2
199,11.5521555,11.633614540100098,1
200,12.524166,12.547710418701172,4
201,11.849405,11.773154258728027,0
202,12.052344,12.019279479980469,4
203,11.626263,11.631070137023926,0
204,11.911708,11.844812393188477,3
205,11.608245,11.599743843078613,0
206,12.103492,12.074259757995605,1
207,11.876881,11.848165512084961,2
208,11.856523,11.68975830078125,3
209,12.531776,12.402588844299316,1
210,11.884496,11.932372093200684,0
211,11.492733,11.483959197998047,4
212,12.133508,11.945505142211914,4
213,12.439876,12.368096351623535,0
214,11.957618,11.88935661315918,0
215,11.9938135,11.906664848327637,0
216,11.808955,11.690824508666992,1
217,12.254868,12.265052795410156,2
218,11.580593,11.514646530151367,2
219,12.649158,12.317938804626465,1
220,12.027191,12.118327140808105,2
221,12.230282,12.247385025024414,4
222,12.206078,12.251932144165039,4
223,12.100162,12.056950569152832,4
224,11.482476,11.747530937194824,2
225,12.864243,12.891670227050781,2
226,11.626263,11.483722686767578,3
227,12.57764,12.54088306427002,1
228,11.571204,11.583959579467773,2
229,11.736077,11.640586853027344,4
230,12.167856,12.134346008300781,0
231,11.904974,11.767011642456055,4
232,12.906694,12.765737533569336,0
233,11.456366,11.531914710998535,0
234,11.761354,11.696429252624512,4
235,12.285351,12.317610740661621,1
236,11.402005,11.512731552124023,4
237,12.1308155,12.14100170135498,0
238,12.178192,12.323634147644043,1
239,12.669809,12.63571548461914,3
240,11.635152,11.654047012329102,1
241,12.47801,12.322425842285156,4
242,11.61278,11.504223823547363,0
243,11.277216,11.468925476074219,3
244,11.695255,11.744792938232422,4
245,12.23077,12.370403289794922,2
246,12.394629,12.220795631408691,1
247,11.827744,11.73945140838623,0
248,11.849405,11.918435096740723,2
249,12.100718,12.098930358886719,4
250,12.531776,12.712478637695312,4
251,11.245059,11.255267143249512,1
252,12.367345,12.537440299987793,0
253,12.061052,12.064168930053711,2
254,11.970357,12.132278442382812,0
255,11.884496,11.856468200683594,3
256,12.345839,12.33135986328125,2
257,12.242891,12.113980293273926,4
258,12.301388,12.292438507080078,4
259,12.35234,12.24612808227539,4
260,11.482476,11.48713207244873,1
261,12.078245,11.958830833435059,1
262,12.52816,12.852739334106445,3
263,11.925042,12.034709930419922,2
264,11.775297,11.623746871948242,4
265,11.198229,11.275245666503906,0
266,12.0754,12.104345321655273,3
267,12.128117,12.154109001159668,0
268,12.097936,11.980317115783691,4
269,11.699413,11.551183700561523,3
270,11.904974,11.923652648925781,4
271,12.491256,12.546262741088867,3
272,12.394629,12.226961135864258,0
273,12.57764,12.684504508972168,1
274,11.8422365,11.97259521484375,0
275,11.732069,11.708624839782715,1
276,12.23077,12.114046096801758,2
277,12.211065,12.281641006469727,3
278,11.856523,11.644503593444824,3
279,12.936754,12.963876724243164,3
280,12.165256,12.310657501220703,3
281,12.339296,12.32129955291748,0
282,12.128117,12.250874519348145,3
283,12.242891,12.243504524230957,1
284,12.407384,12.439409255981445,3
285,12.096263,12.093790054321289,2
286,12.011887,11.985135078430176,0
287,11.9766655,12.083813667297363,3
288,11.385103,11.523297309875488,0
289,11.711784,11.683652877807617,2
290,11.941951,11.850645065307617,4
291,12.359785,12.401561737060547,2
292,11.819682,11.821499824523926,2
293,11.78296,11.840519905090332,3
294,12.367345,12.33124828338623,4
295,12.025755,12.061864852905273,1
296,11.867105,11.869504928588867,0
297,11.931643,11.726632118225098,4
298,12.384223,12.501029968261719,3
299,12.072547,12.093954086303711,3
300,11.973516,11.949313163757324,0
301,11.964007,11.93334674835205,0
302,12.4950075,12.552175521850586,3
303,12.23077,12.308237075805664,1
304,11.91773,11.753775596618652,3
305,12.594734,12.679569244384766,2
306,12.631017,12.64123249053955,3
307,12.32386,12.333898544311523,3
308,11.402005,11.545175552368164,3
309,11.320565,11.5066499710083,0
310,12.793862,12.81677532196045,3
311,12.017337,12.0423583984375,2
312,11.790565,11.879384994506836,2
313,11.694422,11.731623649597168,4
314,12.834684,12.845117568969727,3
315,12.089544,11.986885070800781,3
316,12.146858,12.176413536071777,2
317,12.468441,12.413960456848145,0
318,12.506181,12.446284294128418,1
319,12.468441,12.649067878723145,3
320,12.14154,12.116092681884766,3
321,12.744448,12.763672828674316,2
322,12.777055,12.632359504699707,4
323,12.614869,12.509873390197754,1
324,11.745433,11.721708297729492,1
325,12.396697,12.55615234375,3
326,11.373675,11.378144264221191,3
327,12.688502,12.672849655151367,1
328,11.886219,11.8749418258667,0
329,12.27607,12.068273544311523,2
330,11.264477,11.421486854553223,0
331,11.686887,11.84677505493164,4
332,11.8422365,11.751059532165527,1
333,12.556733,12.564032554626465,4
334,12.2404785,12.282369613647461,2
335,12.165256,12.152549743652344,4
336,12.341263,12.586908340454102,3
337,12.841132,12.837301254272461,2
338,12.273736,12.27706241607666,1
339,12.2185,12.255781173706055,3
340,11.951187,11.91756820678711,3
341,12.220473,12.246875762939453,2
342,11.3144865,11.316927909851074,0
343,11.379406,11.40242862701416,0
344,12.491256,12.508278846740723,2
345,11.350418,11.480169296264648,1
346,11.850832,11.852031707763672,2
347,11.928348,11.687604904174805,3
348,11.967187,12.036565780639648,4
349,11.944715,12.123712539672852,0
350,12.988043,13.047694206237793,0
351,12.670002,12.61638355255127,4
352,12.154784,12.202555656433105,0
353,11.461642,11.508195877075195,4
354,11.57026,11.607343673706055,2
355,11.849405,11.918278694152832,4
356,12.086732,12.016879081726074,1
357,12.061052,12.021480560302734,3
358,11.805602,11.944550514221191,4
359,11.775297,11.755815505981445,3
360,12.542548,12.571022033691406,3
361,11.957618,11.998132705688477,2
362,11.884496,11.844483375549316,2
363,12.198549,12.093811988830566,1
364,11.678449,11.74151611328125,2
365,12.154784,12.146437644958496,0
366,11.898194,11.7202730178833,1
367,11.9766655,12.017833709716797,4
368,12.013707,11.869975090026855,1
369,11.790565,11.84374713897705,0
370,11.9953575,12.05752182006836,2
371,12.057578,12.066189765930176,1
372,11.808822,11.68489933013916,1
373,11.736077,11.69709300994873,0
374,11.719948,11.726095199584961,3
375,12.299112,12.215215682983398,4
376,11.018645,10.98445987701416,1
377,11.904974,11.814351081848145,0
378,12.736704,12.650408744812012,3
379,12.885204,12.768482208251953,3
380,12.095147,12.102503776550293,3
381,11.75195,11.878275871276855,4
382,12.142872,12.304702758789062,2
383,12.271397,12.22187614440918,3
384,11.238502,11.328929901123047,3
385,12.388398,12.499954223632812,1
386,12.165256,12.117466926574707,0
387,11.302217,11.427371978759766,4
388,11.736077,11.896904945373535,2
389,12.160034,12.202987670898438,3
390,12.962197,13.107100486755371,1
391,11.686887,11.782032012939453,2
392,12.278398,12.286645889282227,2
393,11.57591,11.520509719848633,3
394,11.512936,11.323681831359863,3
395,11.5991125,11.575374603271484,0
396,11.767575,11.706324577331543,0
397,11.719948,11.683917045593262,4
398,12.040614,11.906759262084961,1
399,11.112463,11.147042274475098,2
400,12.392556,12.251445770263672,0
401,12.4110565,12.45097541809082,2
402,12.013646,12.222908973693848,0
403,11.589896,11.616640090942383,4
404,12.460719,12.545083045959473,3
405,12.031725,12.005315780639648,4
406,11.918397,11.928263664245605,0
407,11.652696,11.66425895690918,4
408,12.083911,11.964489936828613,3
409,12.542548,12.626205444335938,3
410,12.735969,12.754718780517578,3
411,11.002116,11.444432258605957,0
412,11.884496,11.815937995910645,0
413,12.310437,12.42597770690918,4
414,11.652696,11.553550720214844,0
415,12.337106,12.401909828186035,4
416,12.1069975,12.179130554199219,2
417,11.915058,11.910120964050293,1
418,12.384223,12.318156242370605,4
419,11.744045,11.70572566986084,2
420,11.863589,11.791752815246582,0
421,12.237092,12.156073570251465,1
422,12.278398,12.281228065490723,1
423,11.635152,11.69254207611084,3
424,12.660331,12.651155471801758,2
425,11.8422365,11.85203742980957,3
426,11.813038,11.872836112976074,0
427,12.52453,12.306687355041504,1
428,11.599186,11.641780853271484,0
429,12.182809,12.193681716918945,2
430,12.072547,12.130814552307129,2
431,11.355113,11.492476463317871,1
432,11.288544,11.669966697692871,2
433,11.715875,11.705988883972168,0
434,12.106257,12.058539390563965,4
435,11.302217,11.442951202392578,4
436,12.264346,12.318509101867676,0
437,11.661354,11.62032413482666,0
438,11.686887,11.659010887145996,0
439,11.411457,11.59069538116455,0
440,11.608245,11.837188720703125,3
441,13.226726,13.21068000793457,3
442,11.678449,11.571404457092285,1
443,12.000898,11.856874465942383,3
444,12.058158,12.158279418945312,3
445,12.254868,12.342878341674805,3
446,11.755879,11.926836967468262,0
447,12.154784,12.288311004638672,2
448,12.205578,12.211538314819336,2
449,11.69108,11.659969329833984,3
450,11.695255,11.623869895935059,1
451,11.608245,11.64046859741211,2
452,12.542548,12.403453826904297,3
453,12.225881,12.216123580932617,4
454,12.254868,12.189347267150879,0
455,12.144202,11.953164100646973,4
456,12.0754,11.97061824798584,4
457,11.492733,11.39463996887207,4
458,12.452936,12.237646102905273,0
459,11.989166,12.039610862731934,2
460,11.608245,11.785533905029297,2
461,12.481565,12.397584915161133,0
462,11.951187,11.951740264892578,4
463,11.041064,11.634413719177246,1
464,12.147919,12.035326957702637,0
465,11.7280445,11.6249418258667,0
466,12.093693,12.035731315612793,1
467,12.025755,11.986810684204102,0
468,11.894788,12.02125072479248,0
469,12.42922,12.423839569091797,1
470,12.138869,12.099971771240234,1
471,12.264346,12.215251922607422,1
472,12.154784,12.25390625,0
473,11.904974,11.742945671081543,0
474,12.994533,12.771757125854492,2
475,12.433212,12.440774917602539,2
476,11.794346,11.845584869384766,0
477,12.249616,12.285759925842285,0
478,12.847929,12.873868942260742,4
479,12.601491,12.623104095458984,3
480,11.401681,11.597049713134766,4
481,12.694655,12.758746147155762,2
482,12.832014,12.799840927124023,3
483,11.951187,12.219950675964355,2
484,12.0076275,11.90139102935791,1
485,11.794346,11.794177055358887,0
486,11.898194,11.86616325378418,4
487,11.957618,11.841594696044922,4
488,12.072547,12.035171508789062,3
489,11.982935,11.798550605773926,4
490,11.362114,11.44141960144043,0
491,11.652696,11.71408462524414,2
492,11.798112,11.96178913116455,2
493,12.059809,12.032868385314941,1
494,11.951187,11.902933120727539,2
495,11.421917,11.588711738586426,2
496,10.460271,10.944591522216797,3
497,12.971542,12.950210571289062,3
498,12.122697,11.964418411254883,4
499,11.775297,11.803329467773438,0
500,11.695255,11.718668937683105,0
501,11.635152,11.609212875366211,3
502,12.3313875,12.27519416809082,3
503,11.849405,11.857169151306152,3
504,12.574185,12.462753295898438,4
505,11.898194,11.83690357208252,0
506,11.732069,11.747907638549805,2
507,12.278398,12.330241203308105,3
508,12.246739,12.11575984954834,1
509,11.989166,12.027066230773926,1
510,11.732069,11.780954360961914,4
511,12.013101,11.957536697387695,4
512,12.219315,12.209416389465332,4
513,11.774528,11.736368179321289,2
514,11.805602,11.865894317626953,1
515,11.477308,11.301106452941895,3
516,12.906349,12.82719612121582,4
517,11.970357,12.02424430847168,2
518,12.487489,12.535337448120117,0
519,12.259618,12.165084838867188,2
520,12.363081,12.34401798248291,4
521,11.57356,11.51756477355957,1
522,11.918397,11.923127174377441,0
523,11.9766655,11.948262214660645,3
525,12.662709,12.632728576660156,1
526,12.078245,12.135035514831543,4
527,11.790565,11.837371826171875,2
528,13.008661,13.002229690551758,2
529,11.362114,11.347051620483398,3
530,12.209193,12.398143768310547,3
531,12.072547,12.124908447265625,2
532,11.759793,11.855611801147461,4
533,11.585256,11.530169486999512,1
534,10.579005,10.90443229675293,4
535,12.089544,12.2605619430542,0
536,11.585256,11.714147567749023,3
537,12.144202,12.217616081237793,0
538,11.619544,11.66627311706543,3
539,11.970357,11.8780517578125,0
540,12.513561,12.39632511138916,0
541,12.660331,12.71115493774414,4
542,12.421188,12.454954147338867,1
543,12.270226,12.187065124511719,1
544,11.798112,11.77042007446289,1
545,12.098855,12.218632698059082,1
546,12.341481,12.418777465820312,3
547,12.254868,12.05413818359375,2
548,11.771444,11.705550193786621,0
549,11.736077,11.667031288146973,4
550,12.479913,12.371176719665527,0
551,11.849405,11.801117897033691,0
552,11.630717,11.651995658874512,0
553,12.450981,12.430139541625977,4
554,11.589896,11.53776741027832,3
555,12.556733,12.5776948928833,1
556,11.635152,11.576742172241211,3
557,11.856523,11.776708602905273,1
558,11.589896,11.559067726135254,0
559,12.072547,12.20085620880127,0
560,12.363081,12.227129936218262,0
561,11.707678,12.091556549072266,2
562,12.04356,11.956168174743652,1
563,11.589896,11.625823020935059,0
564,12.128117,11.963244438171387,1
565,12.498746,12.462441444396973,1
566,11.759793,11.796504020690918,3
567,12.691584,12.72683334350586,1
568,12.273736,12.195960998535156,3
569,12.665398,12.629465103149414,4
570,11.820124,11.83539867401123,1
571,11.8678055,11.939298629760742,3
572,11.695255,11.674519538879395,1
573,12.321635,12.213650703430176,4
574,12.04356,12.068811416625977,0
575,11.8422365,11.721980094909668,1
576,11.682676,11.589624404907227,0
577,11.884496,11.821617126464844,4
578,12.010672,11.918391227722168,1
579,11.891369,11.892348289489746,2
580,11.78677,11.820816040039062,3
581,12.1112175,12.004958152770996,1
582,12.4423065,12.72559642791748,1
583,11.682676,11.601628303527832,1
584,12.691584,12.619268417358398,0
585,11.798112,11.7634916305542,4
586,12.820991,12.766740798950195,3
587,11.775297,11.691524505615234,3
588,11.827744,11.726510047912598,3
589,11.870607,12.367313385009766,2
590,11.2835245,11.487316131591797,1
591,12.13297,12.147913932800293,0
592,13.021329,12.945232391357422,4
593,11.835016,11.847431182861328,3
594,11.849405,11.875215530395508,2
595,11.608245,11.680631637573242,3
596,12.67295,12.727310180664062,2
597,11.648374,11.719291687011719,2
598,12.176654,12.249470710754395,0
599,12.289959,12.265205383300781,2
600,11.925042,11.931734085083008,2
601,12.52453,12.510577201843262,0
602,11.856523,11.780072212219238,0
603,12.301388,12.363024711608887,3
604,11.925042,11.94113540649414,4
605,12.3059225,12.320404052734375,0
606,12.23077,12.259978294372559,0
607,11.931643,11.858113288879395,4
608,12.32386,12.21021842956543,1
609,12.791359,12.599543571472168,0
610,11.682676,11.600102424621582,4
611,12.653962,12.700801849365234,1
612,11.904974,11.850950241088867,3
613,12.474194,12.475581169128418,0
614,11.898194,11.7155122756958,1
615,11.231901,11.407630920410156,1
616,11.831387,11.812389373779297,4
617,12.11834,12.131598472595215,1
618,11.566476,11.639559745788574,4
619,12.659738,12.754422187805176,0
620,12.62807,12.679666519165039,1
621,11.112463,11.220022201538086,4
622,12.388398,12.436676979064941,1
623,11.813038,11.73705768585205,4
624,12.034697,12.102071762084961,4
625,12.014615,12.06636905670166,2
626,11.982935,11.852901458740234,4
627,11.84869,11.71141242980957,3
628,11.9382,11.94411849975586,4
629,11.813038,12.19490909576416,3
630,12.034697,11.946767807006836,0
631,11.7280445,11.50061321258545,0
632,12.252483,12.290115356445312,3
633,11.320565,12.048226356506348,1
634,11.84511,11.817349433898926,4
635,11.877576,11.69643783569336,4
636,12.206078,11.846023559570312,0
637,11.002116,10.476249694824219,3
638,11.440366,11.516714096069336,3
639,11.350418,11.443863868713379,1
640,12.485831,12.469649314880371,3
641,12.520887,12.535911560058594,3
642,12.328295,12.374085426330566,0
643,12.751303,12.739934921264648,2
644,11.931643,11.928815841674805,2
645,12.823631,12.785515785217285,0
646,11.872354,11.847103118896484,4
647,11.49579,11.53161907196045,1
648,11.951187,11.936380386352539,3
649,11.951187,11.940608978271484,3
650,11.344519,11.260801315307617,3
651,12.235394,12.112735748291016,4
652,11.589896,11.66841983795166,0
653,12.160034,12.151912689208984,1
654,11.813038,11.703540802001953,3
655,12.765692,12.762197494506836,2
656,11.385103,11.507338523864746,4
657,11.8879385,11.875288009643555,3
658,11.911708,12.026564598083496,1
659,11.4876175,11.704435348510742,3
660,12.025755,11.971874237060547,0
661,12.195522,12.172122955322266,3
662,12.90421,12.90142822265625,3
663,11.608245,11.941924095153809,0
664,11.831387,11.788240432739258,3
665,12.95513,12.824337005615234,0
666,12.34801,12.423297882080078,3
667,11.767575,12.140312194824219,1
668,12.173038,12.214662551879883,1
669,12.031725,12.071611404418945,2
670,11.831387,11.666728973388672,0
671,12.063939,12.050386428833008,1
672,11.548303,11.710148811340332,1
673,12.013707,12.026302337646484,4
674,12.458779,12.452180862426758,4
675,11.849405,11.87995719909668,3
676,11.908347,11.909236907958984,2
677,11.373675,11.482760429382324,1
678,11.603689,11.54494571685791,3
679,12.827995,12.799369812011719,1
680,11.763692,11.761940002441406,2
681,11.870607,11.768027305603027,2
682,11.979392,11.76136302947998,2
683,12.061052,12.112528800964355,1
684,12.560248,12.558103561401367,3
685,12.3059225,12.336801528930664,3
686,12.242891,12.287071228027344,3
687,12.336556,12.371110916137695,3
688,11.910365,11.865777015686035,1
689,12.87902,12.401538848876953,3
690,12.17922,12.142614364624023,0
691,11.856523,11.99021053314209,2
692,13.534474,13.534947395324707,3
693,12.721889,12.571884155273438,2
694,11.594331,11.575675964355469,4
695,11.860062,11.69420051574707,4
696,12.078245,12.03271484375,3
697,11.396403,11.485071182250977,4
698,11.724005,11.734914779663086,4
699,11.838633,11.858768463134766,4
700,12.185875,12.166260719299316,1
701,12.652363,12.660120964050293,1
702,11.849405,11.876753807067871,0
703,12.799178,12.806853294372559,0
704,11.849405,11.8761568069458,2
705,12.2690525,12.15825366973877,4
706,10.915107,11.371208190917969,2
707,12.618186,12.617008209228516,2
708,12.445093,12.27990436553955,2
709,12.098159,12.164965629577637,3
710,11.607335,11.539786338806152,3
711,10.859018,11.287948608398438,0
712,11.540317,11.400335311889648,0
713,12.1495075,12.179126739501953,3
714,11.767575,11.664522171020508,1
715,11.779136,12.106141090393066,2
716,12.013707,11.85622787475586,4
717,11.979806,12.095046043395996,0
718,11.964007,12.006775856018066,0
719,12.73964,12.694575309753418,0
720,11.763692,11.790037155151367,4
721,12.52453,12.514970779418945,1
722,11.870607,11.796731948852539,4
723,11.732069,11.657095909118652,0
724,11.813038,11.782665252685547,4
725,12.67608,12.705670356750488,1
726,11.699413,11.630328178405762,4
727,12.310437,12.545275688171387,1
728,12.178192,12.228780746459961,2
729,11.608245,11.834187507629395,1
730,11.542494,11.57758903503418,2
731,12.373708,12.311982154846191,0
732,12.14154,12.168537139892578,1
733,12.312687,12.309379577636719,4
734,11.786009,11.797333717346191,1
735,11.589896,11.69119930267334,0
736,12.001512,12.06606674194336,0
737,11.445727,11.390223503112793,0
738,12.387981,12.331092834472656,2
739,12.095147,11.791526794433594,4
740,12.154784,12.154206275939941,1
741,11.790565,11.579020500183105,0
742,11.863589,11.886150360107422,2
743,12.095147,12.05836009979248,4
744,12.072547,11.873900413513184,3
745,12.100718,12.205303192138672,2
746,12.610874,12.739364624023438,1
747,12.371592,12.338966369628906,2
748,12.491177,12.33853530883789,3
749,12.469978,12.405864715576172,4
750,11.492733,11.483388900756836,2
751,11.477308,11.446956634521484,2
752,11.9953575,11.971895217895508,4
753,12.287657,12.199433326721191,0
754,12.526346,12.407851219177246,4
755,11.957618,11.934004783630371,0
756,12.058158,11.967395782470703,2
757,12.264346,12.256634712219238,0
758,11.976037,11.903624534606934,1
759,12.097379,12.002058029174805,3
760,12.57764,12.640116691589355,0
761,11.755879,11.67626667022705,4
762,11.512936,11.649158477783203,3
763,12.279327,12.095576286315918,4
764,12.727841,12.721040725708008,1
765,12.506181,12.364542961120605,1
766,12.484208,12.475567817687988,0
767,12.188423,12.096597671508789,4
768,11.982935,11.98343563079834,1
769,12.286906,12.3301420211792,2
770,13.195616,13.137645721435547,0
771,11.812297,11.708575248718262,4
772,11.532738,11.68730640411377,2
773,11.580593,11.737473487854004,4
774,11.648339,11.650705337524414,4
775,12.886643,12.603549003601074,1
776,11.9953575,12.00628662109375,3
777,12.308183,12.325961112976074,1
778,11.867105,11.751397132873535,3
779,11.877576,11.743287086486816,1
780,11.813038,11.888888359069824,0
781,12.078245,12.036585807800293,2
782,12.077677,12.027997970581055,2
783,12.139404,12.110257148742676,1
784,12.016732,12.022525787353516,3
785,11.759793,11.660604476928711,0
786,11.992267,12.008965492248535,3
787,11.8422365,11.683792114257812,4
788,12.358798,12.250312805175781,4
789,11.588969,11.555709838867188,4
790,12.14154,12.290018081665039,0
791,11.984184,12.009037971496582,1
792,11.896833,11.872587203979492,3
793,12.505403,12.444994926452637,0
794,12.32386,12.391597747802734,3
795,12.178192,12.21045970916748,1
796,12.049425,11.947525978088379,1
797,11.874097,11.82939338684082,4
798,11.608245,11.483834266662598,3
799,13.091907,13.001837730407715,4
800,12.072547,11.925910949707031,3
801,12.206078,12.16254711151123,4
802,11.607335,11.722347259521484,4
803,12.1495075,12.226763725280762,0
804,13.275829,13.160118103027344,3
805,11.678449,11.711446762084961,2
806,12.335701,12.227727890014648,4
807,11.816734,11.777321815490723,0
808,12.317171,12.272665023803711,0
809,11.982623,11.824061393737793,1
810,11.571204,11.683908462524414,2
811,12.106257,12.156394004821777,2
812,11.881042,11.90401840209961,1
813,10.933,11.295378684997559,0
814,11.969724,11.928743362426758,2
815,11.661354,11.779891967773438,2
816,12.323416,12.203248023986816,2
817,11.827744,11.77898120880127,1
818,12.509878,12.504247665405273,2
819,11.951187,11.815380096435547,4
820,12.319406,12.345298767089844,1
821,12.117247,12.127466201782227,2
822,11.440366,11.39733600616455,0
823,12.32386,12.21572494506836,2
824,11.845827,11.785834312438965,3
825,12.3570795,12.37031364440918,0
826,12.861001,12.996261596679688,0
827,11.603689,11.48752212524414,3
828,12.1495075,12.151301383972168,1
829,12.128117,12.296639442443848,3
830,11.900912,11.875675201416016,2
831,12.019749,12.020970344543457,4
832,11.925042,11.87047290802002,2
833,12.375819,12.36767292022705,2
834,12.025755,11.983953475952148,2
835,11.849048,11.799554824829102,3
836,11.759793,11.844834327697754,2
837,11.9414625,11.851444244384766,0
838,11.512936,11.56727123260498,4
839,11.877576,11.862826347351074,1
840,11.779136,11.718733787536621,4
841,11.849405,11.944009780883789,2
842,11.967187,11.915964126586914,2
843,12.071976,11.973325729370117,2
844,11.856523,11.782903671264648,2
845,11.944065,11.792685508728027,1
846,12.049425,12.143293380737305,4
847,12.2690525,12.25760555267334,0
848,11.801865,11.767701148986816,0
849,12.388398,12.289534568786621,0
850,12.138869,12.130668640136719,2
851,11.78677,11.822691917419434,1
852,12.278398,12.172619819641113,4
853,12.0076275,12.028247833251953,3
854,11.970357,11.938243865966797,4
855,12.04356,12.169089317321777,4
856,11.75195,11.912765502929688,2
857,11.898194,11.857357025146484,4
858,12.066816,11.96578311920166,3
859,11.931643,11.943375587463379,3
860,12.42922,12.415326118469238,2
861,12.154521,12.05727767944336,3
862,11.78677,11.772086143493652,1
863,11.931643,11.836477279663086,4
864,11.794346,11.791962623596191,1
865,12.431538,12.280279159545898,3
866,11.908347,11.767107009887695,3
867,12.42481,12.484000205993652,1
868,11.767575,11.774642944335938,3
869,12.03766,11.99643611907959,3
870,12.371592,12.362800598144531,3
871,11.603689,11.537357330322266,4
872,12.208574,12.094706535339355,0
873,11.661354,11.618490219116211,3
874,11.798112,11.723943710327148,3
875,11.104972,11.473422050476074,1
876,12.623064,12.788053512573242,1
877,11.792457,11.82700252532959,0
878,12.765692,12.819974899291992,3
879,11.904974,11.897050857543945,3
880,11.824087,11.791633605957031,3
881,11.964007,11.948610305786133,2
882,12.14154,12.222243309020996,0
883,12.089544,12.020580291748047,4
884,11.682676,11.702859878540039,4
885,11.512936,11.61685562133789,1
886,12.703512,12.515115737915039,2
887,11.884496,11.910143852233887,0
888,11.816734,11.856986999511719,3
889,12.498746,12.485366821289062,0
890,11.915058,11.926575660705566,1
891,11.719134,11.690927505493164,3
892,12.058158,12.029714584350586,3
893,11.947956,11.933991432189941,2
894,12.013707,12.016246795654297,2
895,11.685693,11.672225952148438,3
896,11.849405,12.024768829345703,3
897,11.57591,11.430566787719727,4
898,11.870278,11.845746040344238,2
899,13.323929,13.148351669311523,0
900,11.813038,11.811503410339355,0
901,11.608245,11.69009017944336,2
902,11.9382,11.898383140563965,2
903,12.100718,12.118852615356445,3
904,12.388398,12.38394546508789,2
905,11.740069,11.663413047790527,4
906,11.759793,11.676719665527344,4
907,12.449022,12.387165069580078,4
908,12.42922,12.197708129882812,1
909,11.78296,11.787015914916992,0
910,12.066816,12.167155265808105,3
911,11.946661,11.895792007446289,4
912,11.874097,11.92603874206543,3
913,11.385103,11.566169738769531,0
914,11.884496,11.930559158325195,1
915,12.065281,12.043119430541992,3
916,11.225257,11.484493255615234,2
917,10.471978,10.990445137023926,4
918,11.813038,11.735182762145996,4
919,12.38003,12.380128860473633,2
920,12.081081,12.117622375488281,3
921,12.211065,12.195107460021973,0
922,11.890683,11.940360069274902,4
923,12.043501,12.136817932128906,4
924,12.17045,12.16872787475586,4
925,12.242891,12.180296897888184,0
926,12.072547,11.898771286010742,3
927,12.560248,12.555947303771973,4
928,12.078245,12.107593536376953,1
929,12.373708,12.38879108428955,0
930,12.310437,12.232375144958496,2
931,12.211065,12.296838760375977,4
932,11.674202,11.635368347167969,3
933,12.67608,12.635275840759277,0
934,12.154784,12.223894119262695,2
935,12.396697,12.419157028198242,2
936,11.288544,11.444762229919434,1
937,12.127576,12.115482330322266,2
938,12.441149,12.347370147705078,2
939,12.387561,12.462985038757324,0
940,12.406566,12.238553047180176,0
941,11.924379,12.047800064086914,3
942,12.273736,12.358872413635254,1
943,11.918397,11.669238090515137,0
944,11.870607,11.898104667663574,3
945,11.831387,11.99811840057373,0
946,11.735277,11.807940483093262,4
947,11.870607,11.790779113769531,3
948,12.506181,12.533465385437012,3
949,12.167856,12.244475364685059,2
950,12.193499,12.021671295166016,4
951,11.767575,11.787384986877441,0
952,11.694422,11.633176803588867,4
953,11.804856,11.722503662109375,4
954,12.055256,11.943449020385742,2
955,11.755879,11.673321723937988,1
956,11.884496,12.022878646850586,3
957,11.7280445,11.678825378417969,3
958,11.790565,11.74070930480957,2
959,12.128117,12.173004150390625,1
960,11.951187,11.965567588806152,1
961,11.665655,11.75126838684082,2
962,12.513561,12.626728057861328,4
963,11.951187,11.940223693847656,0
964,12.384223,12.538818359375,3
965,12.277933,12.326998710632324,2
966,12.094588,12.053849220275879,1
967,11.982935,11.890746116638184,0
968,11.813038,11.756440162658691,0
969,10.542733,11.176681518554688,0
970,11.849405,11.711101531982422,0
971,11.813038,11.484539985656738,2
972,12.061052,12.049661636352539,4
973,11.507923,11.645143508911133,3
974,12.111768,12.220691680908203,4
975,12.028745,12.114524841308594,2
976,12.013707,12.075485229492188,3
977,11.356283,11.4736909866333,4
978,12.205578,12.263284683227539,3
979,11.608245,11.529183387756348,3
980,11.8422365,11.81575870513916,3
981,12.091789,12.098747253417969,0
982,12.72487,12.750029563903809,1
983,11.982279,12.029605865478516,3
984,12.452546,12.402250289916992,2
985,11.744045,11.683586120605469,1
986,11.736077,11.693695068359375,1
987,11.669938,11.815837860107422,3
988,12.88713,12.834047317504883,4
989,12.18076,12.1524658203125,4
990,12.190964,12.219371795654297,0
991,12.75996,12.57382869720459,4
992,12.031725,12.161372184753418,2
993,12.138869,12.214323997497559,1
994,12.066241,11.99721908569336,4
995,12.729323,12.730022430419922,4
996,11.708501,11.689326286315918,4
997,11.824087,11.823945999145508,3
998,12.128117,11.993013381958008,3
999,11.418626,11.382012367248535,0
1000,12.235637,12.206518173217773,2
1001,11.3144865,11.072521209716797,1
1002,11.362114,11.436395645141602,3
1003,12.354497,12.325758934020996,1
1004,11.82705,11.968513488769531,3
1005,12.106257,12.135626792907715,4
1006,11.91773,11.845489501953125,4
1007,12.004575,11.943469047546387,1
1008,11.385103,11.478665351867676,0
1009,12.388398,12.399930000305176,0
1010,11.532738,11.596712112426758,4
1011,11.813038,11.79093074798584,0
1012,11.512936,11.53234577178955,0
1013,12.013707,11.929455757141113,1
1014,11.350418,11.5581636428833,0
1015,11.688566,11.657849311828613,1
1016,12.332709,12.26515007019043,2
1017,12.220966,12.276273727416992,4
1018,12.14154,12.158003807067871,1
1019,11.982935,12.002208709716797,3
1020,12.27135,12.201082229614258,4
1021,12.078245,11.931904792785645,0
1022,12.175618,12.257369995117188,2
1023,11.373675,11.652198791503906,2
1024,12.160034,12.197103500366211,2
1025,12.567241,12.599609375,4
1026,11.630717,11.72630786895752,0
1027,12.028745,11.839471817016602,1
1028,12.588194,12.572428703308105,0
1029,11.561726,11.715511322021484,0
1030,11.678449,11.675566673278809,0
1031,11.982935,11.779869079589844,3
1032,12.190964,12.19178295135498,2
1033,12.644331,12.549423217773438,4
1034,12.345839,12.355813980102539,4
1035,11.69317,11.619043350219727,3
1036,11.338584,11.326794624328613,0
1037,12.661917,12.699333190917969,2
1038,12.567241,12.403935432434082,4
1039,11.482476,11.532148361206055,2
1040,11.289794,11.344858169555664,4
1041,11.951187,11.91562557220459,4
1042,12.061052,11.996085166931152,4
1043,12.185875,12.089035987854004,3
1044,12.477172,12.445364952087402,1
1045,12.53538,12.567316055297852,0
1046,11.846543,11.8363618850708,2
1047,13.229569,12.96084976196289,4
1048,11.884496,11.782468795776367,1
1049,11.652696,11.826685905456543,3
1050,11.349241,11.502969741821289,4
1051,12.0809965,12.06303882598877,1
1052,12.206782,12.249578475952148,2
1053,12.013707,12.054814338684082,0
1054,11.881042,11.906760215759277,1
1055,12.449022,12.50308895111084,1
1056,12.100718,11.990093231201172,3
1057,12.132701,12.313386917114258,2
1058,12.421188,12.372426986694336,2
1059,12.721889,12.80598258972168,3
1060,12.301388,12.121350288391113,1
1061,12.271397,12.137469291687012,0
1062,11.302217,11.310590744018555,3
1063,11.407576,11.790081977844238,3
1064,11.61278,11.731894493103027,0
1065,11.944715,11.931981086730957,3
1066,12.700772,12.456109046936035,0
1067,12.089544,12.044248580932617,3
1068,12.03113,12.109850883483887,2
1069,11.927688,12.162276268005371,2
1070,11.813038,11.709755897521973,1
1071,11.813038,11.781868934631348,0
1072,11.944715,11.905003547668457,1
1073,11.424106,11.61027717590332,3
1074,11.979806,11.962096214294434,2
1075,12.175618,12.112497329711914,3
1076,12.299112,12.085408210754395,1
1077,12.04356,11.939242362976074,0
1078,11.840796,11.828557968139648,2
1079,11.956977,11.871002197265625,4
1080,11.744045,11.738890647888184,4
1081,11.884496,12.073310852050781,1
1082,11.798112,11.746097564697266,0
1083,12.165256,12.198949813842773,2
1084,11.982935,11.929134368896484,4
1085,12.14154,12.073873519897461,2
1086,11.898194,11.953463554382324,2
1087,11.332614,11.580991744995117,2
1088,12.437188,12.462957382202148,3
1089,11.831387,11.900782585144043,0
1090,12.190964,12.252883911132812,2
1091,11.43929,11.431218147277832,0
1092,11.982935,11.957321166992188,4
1093,11.824087,11.979236602783203,4
1094,11.891369,11.968205451965332,0
1095,11.767575,11.792143821716309,4
1096,12.080696,12.029848098754883,4
1097,11.75195,11.68671703338623,0
1098,12.04356,11.970379829406738,0
1099,11.759793,11.670219421386719,2
1100,11.964007,12.008359909057617,4
1101,11.002116,11.126469612121582,0
1102,11.69108,11.666679382324219,3
1103,11.813038,11.828271865844727,2
1104,11.979806,11.867907524108887,3
1105,11.571204,11.585124969482422,3
1106,12.691584,12.695509910583496,3
1107,12.100162,12.152986526489258,2
1108,12.523529,12.474918365478516,2
1109,12.106257,12.043027877807617,3
1110,12.542548,12.594783782958984,4
1111,12.144202,12.082683563232422,4
1112,12.23077,12.196285247802734,3
1113,11.774528,11.764874458312988,2
1114,11.809327,11.752191543579102,4
1115,11.669938,11.66259479522705,4
1116,12.669809,12.678146362304688,2
1117,12.1232395,12.088037490844727,4
1118,11.775297,11.788188934326172,0
1119,11.849405,11.833761215209961,2
1120,11.803361,11.713401794433594,1
1121,11.681832,11.605652809143066,1
1122,12.268582,12.331216812133789,2
1123,11.626263,11.469487190246582,4
1124,11.678449,11.536263465881348,0
1125,12.007018,11.963595390319824,1
1126,11.652696,11.593071937561035,1
1127,12.066816,12.227266311645508,2
1128,12.464587,12.465638160705566,3
1129,12.278398,12.25151252746582,1
1130,11.849405,11.71801471710205,1
1131,11.813038,11.890083312988281,4
1132,11.445727,11.659097671508789,4
1133,11.674202,11.790961265563965,0
1134,12.3863125,12.354473114013672,0
1135,12.03766,12.063552856445312,3
1136,11.532738,11.525607109069824,3
1137,11.686887,11.666336059570312,1
1138,11.45106,11.528290748596191,2
1139,12.185875,12.21657943725586,4
1140,11.877576,11.878656387329102,2
1141,11.8422365,11.782445907592773,2
1142,12.193499,12.15320110321045,4
1143,12.959541,12.847294807434082,0
1144,11.289794,11.52755355834961,4
1145,11.289794,11.435006141662598,1
1146,11.911708,11.769047737121582,3
1147,12.100718,12.056123733520508,4
1148,12.069686,12.003764152526855,1
1149,11.669083,11.769092559814453,2
1150,11.870607,11.897675514221191,4
1151,11.7280445,11.739468574523926,0
1152,11.91773,11.979207038879395,2
1153,12.345839,12.176933288574219,3
1154,11.699413,11.636758804321289,0
1155,12.215037,12.223014831542969,4
1156,12.292255,12.294426918029785,1
1157,12.100162,12.081286430358887,4
1158,12.345839,12.184428215026855,3
1159,12.367889,12.322606086730957,2
1160,12.128117,12.109375,2
1161,11.891369,11.80398178100586,3
1162,12.319406,12.280965805053711,4
1163,11.767575,11.78516674041748,2
1164,11.598736,11.68970012664795,1
1165,12.175618,12.172615051269531,0
1166,12.359528,12.263228416442871,2
1167,12.410445,12.369843482971191,1
1168,12.061052,12.12621021270752,1
1169,12.367345,12.218138694763184,1
1170,13.345509,13.13896369934082,2
1171,12.049425,12.016462326049805,4
1172,12.001512,11.961326599121094,4
1173,12.054674,11.947077751159668,0
1174,12.208574,12.234848976135254,3
1175,12.384223,12.188640594482422,4
1176,12.560248,12.70394229888916,3
1177,11.69108,11.749016761779785,4
1178,11.652696,11.671175956726074,3
1179,11.9505415,11.89633846282959,2
1180,11.440366,11.469054222106934,0
1181,12.42922,12.29127311706543,0
1182,12.880295,12.653242111206055,0
1183,13.521141,13.353129386901855,0
1184,11.695255,11.831093788146973,0
1185,12.137263,12.169081687927246,1
1186,11.560772,11.694791793823242,1
1187,11.461642,11.553681373596191,1
1188,12.476104,12.500012397766113,1
1189,12.18076,12.164545059204102,3
1190,12.1495075,12.155895233154297,3
1191,12.031725,12.065723419189453,0
1192,12.066816,12.09711742401123,0
1193,11.736077,11.72701644897461,4
1194,12.013707,11.97645378112793,1
1195,11.970357,11.916553497314453,3
1196,12.078245,11.976516723632812,2
1197,12.29779,12.343243598937988,1
1198,11.877576,11.79953384399414,3
1199,12.089544,12.046150207519531,3
1200,11.904974,11.912493705749512,0
1201,11.661785,11.539417266845703,0
1202,12.195522,12.199117660522461,3
1203,11.669938,11.780607223510742,0
1204,12.2690525,12.22536563873291,1
1205,11.9414625,11.90965461730957,3
1206,12.513193,12.513996124267578,0
1207,11.580593,11.68082332611084,0
1208,12.206078,12.220205307006836,4
1209,11.849405,11.79897403717041,0
1210,12.57764,12.615069389343262,2
1211,12.1495075,12.200400352478027,1
1212,12.0076275,12.290220260620117,2
1213,11.635152,11.460147857666016,2
1214,11.884496,11.759217262268066,1
1215,11.809327,11.710984230041504,4
1216,11.736077,11.608360290527344,4
1217,11.626263,11.644465446472168,1
1218,12.343471,12.327193260192871,0
1219,11.296025,11.259905815124512,1
1220,11.424106,11.393033981323242,3
1221,11.652696,11.578996658325195,4
1222,11.805602,11.784958839416504,0
1223,11.870607,11.867335319519043,1
1224,11.834291,11.870924949645996,1
1225,12.122697,12.16750717163086,4
1226,11.884496,11.820267677307129,3
1227,12.273736,12.347352981567383,2
1228,11.898194,11.88570499420166,1
1229,12.813921,12.837343215942383,1
1230,11.75195,11.857748985290527,2
1231,12.154784,12.250290870666504,1
1232,11.794346,11.877805709838867,2
1233,11.530775,11.465977668762207,1
1234,11.863589,11.814678192138672,3
1235,11.775297,11.691222190856934,1
1236,11.841423,11.944686889648438,2
1237,12.0754,12.029505729675293,1
1238,12.18076,12.260900497436523,2
1239,11.867105,11.762697219848633,1
1240,12.490879,12.320638656616211,1
1241,12.323416,12.248892784118652,0
1242,12.42251,12.43159294128418,2
1243,12.04356,11.980600357055664,4
1244,13.049795,13.078557968139648,3
1245,12.345839,12.196916580200195,0
1246,12.089544,12.19680118560791,1
1247,12.136192,12.085525512695312,4
1248,12.042972,11.864286422729492,2
1249,11.771444,11.851547241210938,3
1250,11.686887,11.689285278320312,3
1251,12.404927,12.473430633544922,2
1252,12.053801,12.193146705627441,4
1253,11.775297,11.652020454406738,4
1254,12.591338,12.49980640411377,0
1255,12.016129,12.216919898986816,0
1256,11.755879,11.847099304199219,2
1257,12.6165285,12.639447212219238,0
1258,11.511935,11.447530746459961,1
1259,12.154784,12.13854694366455,1
1260,11.925042,11.994894027709961,2
1261,12.106257,12.15748405456543,4
1262,11.7668,11.676053047180176,4
1263,11.992267,11.884405136108398,4
1264,12.103492,11.98378849029541,1
1265,12.106257,11.934382438659668,0
1266,12.122153,12.0270414352417,1
1267,11.711784,11.660076141357422,0
1268,12.843974,12.693258285522461,4
1269,12.850557,12.803211212158203,3
1270,11.877576,11.761425971984863,1
1271,12.468441,12.407724380493164,2
1272,12.132162,12.051816940307617,4
1273,11.827744,11.747821807861328,4
1274,12.083911,12.033134460449219,3
1275,11.8422365,11.816944122314453,3
1276,11.827744,11.831633567810059,0
1277,11.9953575,12.031996726989746,0
1278,12.195522,12.150792121887207,0
1279,12.375819,12.376446723937988,4
1280,11.133142,11.393722534179688,1
1281,12.332709,12.263321876525879,1
1282,12.100718,12.169597625732422,4
1283,11.921725,11.891605377197266,4
1284,11.8422365,11.792522430419922,1
1285,12.03766,12.126686096191406,3
1286,11.794346,11.730100631713867,4
1287,11.870607,11.910870552062988,1
1288,12.154784,12.01457691192627,0
1289,12.53538,12.419075012207031,3
1290,12.546114,12.666265487670898,1
1291,12.103492,11.902472496032715,0
1292,11.69108,11.710833549499512,4
1293,11.585256,11.821928977966309,3
1294,12.000898,12.07059383392334,1
1295,11.652696,11.695758819580078,4
1296,11.838633,11.783249855041504,1
1297,11.951187,11.919609069824219,2
1298,11.849405,11.833900451660156,4
1300,11.944715,11.986708641052246,2
1301,12.32386,12.343658447265625,3
1302,12.086732,11.989259719848633,3
1303,12.57764,12.66729736328125,1
1304,12.354497,12.303852081298828,3
1305,11.775297,11.990081787109375,4
1306,12.691584,12.676810264587402,0
1307,12.2185,12.218209266662598,0
1308,11.835016,11.802350044250488,0
1309,11.898194,11.835054397583008,3
1310,12.096263,11.980093955993652,4
1311,12.721889,12.624940872192383,4
1312,12.220966,12.248187065124512,2
1313,12.618186,12.689430236816406,1
1314,12.716405,12.705063819885254,1
1315,11.686887,11.654712677001953,4
1316,12.239996,12.1035737991333,1
1317,12.596404,12.501459121704102,3
1318,12.249616,12.219305992126465,1
1319,12.52453,12.534767150878906,0
1320,11.617294,11.628058433532715,0
1321,11.960817,12.00400161743164,4
1322,11.191356,11.406301498413086,0
1323,12.154784,12.32774543762207,3
1324,11.320565,11.459383010864258,4
1325,11.898194,12.58522891998291,2
1326,10.915107,11.13711929321289,4
1327,11.277216,11.410726547241211,0
1328,11.779136,11.843305587768555,4
1329,12.452936,12.375221252441406,2
1330,12.081081,12.065703392028809,1
1331,12.332709,12.483892440795898,0
1332,11.794346,11.76667594909668,2
1333,11.512936,11.619118690490723,1
1334,11.740069,11.710908889770508,3
1335,11.736077,11.660987854003906,3
1336,12.03113,11.974512100219727,1
1337,11.813038,11.794163703918457,1
1338,10.8685875,11.371676445007324,2
1339,12.206078,12.246541023254395,4
1340,11.763692,11.813735961914062,2
1341,11.719948,11.643157005310059,1
1342,11.951187,11.98028564453125,3
1343,12.339296,12.381659507751465,4
1344,12.083911,12.120774269104004,2
1345,11.956559,12.092391967773438,4
1346,11.594515,11.457112312316895,1
1347,12.47801,12.411286354064941,0
1348,12.55484,12.685193061828613,3
1349,12.278398,12.365181922912598,3
1350,11.711784,11.82552433013916,2
1351,12.206078,12.038541793823242,2
1352,12.049425,12.081001281738281,0
1353,11.812297,11.77158260345459,1
1354,12.923915,12.903141975402832,1
1355,12.367345,12.39146614074707,3
1356,12.04356,12.153139114379883,3
1357,11.608245,11.636289596557617,1
1358,11.91773,11.926766395568848,1
1359,12.086732,12.05499267578125,3
1360,12.660331,12.82487964630127,1
1361,12.1495075,12.180988311767578,2
1362,12.468441,12.533618927001953,2
1363,11.560772,11.693050384521484,1
1364,11.963574,12.07031536102295,2
1365,11.878631,11.853431701660156,0
1366,12.283038,12.117414474487305,4
1367,12.17045,12.208876609802246,1
1368,11.75195,11.820305824279785,4
1369,11.877576,11.80695915222168,0
1370,12.354497,12.3790922164917,4
1371,11.561726,11.62421989440918,3
1372,12.016732,12.081220626831055,2
1373,12.521981,12.424013137817383,0
1374,13.053016,13.074663162231445,4
1375,12.42922,12.452791213989258,3
1376,12.384223,12.45718002319336,2
1377,11.418626,11.430495262145996,0
1378,11.669938,11.76783561706543,4
1379,11.326608,11.569738388061523,2
1380,12.028745,11.911699295043945,1
1381,10.976799,11.36300277709961,1
1382,12.377927,12.25732707977295,0
1383,11.964007,11.925580024719238,0
1384,11.626263,11.83857250213623,1
1385,11.561726,11.59439468383789,0
1386,11.740069,11.641593933105469,4
1387,12.42922,12.519864082336426,2
1388,11.820417,12.042749404907227,0
1389,12.841329,12.807249069213867,1
1390,11.78296,11.85667610168457,2
1391,12.367345,12.238079071044922,4
1392,11.7280445,11.755160331726074,1
1393,11.719948,11.749146461486816,1
1394,12.001512,11.810615539550781,1
1395,12.415438,12.376238822937012,1
1396,12.546871,12.625532150268555,3
1398,11.831387,11.920979499816895,2
1399,11.835016,11.869256973266602,2
1400,11.831023,11.941953659057617,3
1401,11.695255,11.715316772460938,4
1402,12.17045,12.110394477844238,3
1403,12.174994,12.242715835571289,0
1404,12.55293,12.426300048828125,4
1405,11.561726,11.393498420715332,4
1406,12.52453,12.50456428527832,3
1407,11.798112,11.776191711425781,0
1408,11.626263,11.578524589538574,1
1409,11.740069,11.652857780456543,0
1410,12.278398,12.260503768920898,4
1411,12.345839,12.254825592041016,0
1412,11.849405,11.975586891174316,2
1413,11.407576,11.513175964355469,2
1414,12.456835,12.506314277648926,1
1415,12.2404785,12.186050415039062,2
1416,12.077677,12.249083518981934,1
1417,11.715875,11.748856544494629,1
1418,12.736704,12.658136367797852,2
1419,11.7280445,11.736062049865723,1
1420,12.314932,12.298285484313965,2
1421,12.100162,12.029117584228516,2
1422,11.755879,11.841996192932129,0
1423,11.824087,11.859716415405273,2
1424,12.524421,12.309591293334961,3
1425,11.877576,11.884109497070312,2
1426,11.863589,11.900613784790039,2
1427,12.509878,12.520196914672852,4
1428,11.849405,11.817193984985352,3
1429,11.686887,11.623682975769043,0
1430,12.1167,12.168757438659668,2
1431,12.165985,12.155694961547852,3
1432,11.875838,11.837068557739258,2
1433,11.074436,11.527094841003418,1
1434,12.136192,12.19721508026123,0
1435,11.982935,12.023247718811035,1
1436,12.066816,12.115084648132324,3
1437,11.699413,11.621718406677246,1
1438,12.8856735,12.83482837677002,3
1439,11.916395,11.79661750793457,1
1440,12.190964,12.057785034179688,1
1441,12.160034,12.29486083984375,2
1442,11.91372,11.894042015075684,0
1443,12.644331,12.82715129852295,3
1444,11.703554,11.50264835357666,1
1445,12.098493,12.110321044921875,4
1446,11.767575,11.796388626098633,2
1447,11.969724,11.875075340270996,4
1448,12.388398,12.444337844848633,2
1449,11.626263,11.646566390991211,2
1450,11.429555,11.370332717895508,2
1451,11.820417,11.766143798828125,3
1452,12.567554,12.458596229553223,1
1453,11.884496,11.739595413208008,2
1454,11.344519,11.656533241271973,1
1455,12.128117,12.15927505493164,2
1456,12.072547,12.056414604187012,1
1457,12.254868,12.28988265991211,4
1458,12.493134,12.478507995605469,3
1459,11.86447,11.82850170135498,3
1460,11.90159,11.90446662902832,1
